{
  "project_info": {
    "project_number": "555974933044",
    "project_id": "cmdmsupdated",
    "storage_bucket": "cmdmsupdated.appspot.com"
  },
  "client": [
    {
      "client_info": {
        "mobilesdk_app_id": "1:555974933044:android:44a97fe1d91b0a7f616861",
        "android_client_info": {
          "package_name": "com.example.centralisedmedicaldatamanagementsystem"
        }
      },
      "oauth_client": [
        {
          "client_id": "555974933044-jh48i5f4cut49hvv73ojpd15nsfutl3p.apps.googleusercontent.com",
          "client_type": 3
        }
      ],
      "api_key": [
        {
          "current_key": "AIzaSyAEJNd9xvl-EIakrfjw1X4loZvlzRwCg38"
        }
      ],
      "services": {
        "appinvite_service": {
          "other_platform_oauth_client": [
            {
              "client_id": "555974933044-jh48i5f4cut49hvv73ojpd15nsfutl3p.apps.googleusercontent.com",
              "client_type": 3
            }
          ]
        }
      }
    }
  ],
  "configuration_version": "1"
}